物件コード,部屋番号,パスワード
08400001,201,3cpGB7mI
08400001,202,plKf6U11
08400001,203,TLtM3rQM
08400001,204,oXxLej3i
08400001,205,zU6XJAAV
08400001,206,KBt7ZISt
08400001,207,QwOhM1LU
08400001,208,D6RRVJx3
08400001,209,Ii5WhfDr
08400001,210,yGINTaVB
08400001,301,cI7XF5Zl
08400001,302,KQ0lb5su
08400001,303,A8LFgHYz
08400001,304,n7W7S8s0
08400001,305,ItmCb5U4
08400001,306,toBpUvEA
08400001,307,b2u6uIXg
08400001,308,J26E3jFf
08400001,309,nsU9BuWH
08400001,310,mLsPOtC8
08400001,401,InRlbUa4
08400001,402,QHwfXsBJ
08400001,403,xfZtvUIF
08400001,404,mFXMsErs
08400001,405,H6R8XDtS
08400001,406,AR65b8My
08400001,407,DlQq76xl
08400001,408,mueJNyYq
08400001,409,FbzDc33H
08400001,410,V8024imx
08400001,501,ZQYrmCxW
08400001,502,kqMGF4IM
08400001,503,jbaCUjhF
08400001,504,wAYUgCS4
08400001,505,rRDHxyDk
08400001,506,L4CDWsJy
08400001,507,pE2lieQI
08400001,508,t7TwPSdy
08400001,509,tiv1bvbC
08400001,510,D5A1G1vR
08400001,601,EZftpkhm
08400001,602,iGI2v56d
08400001,603,zwYPpxgM
08400001,604,aWgiDn28
08400001,605,h0iFGVLo
08400001,606,bq10yUEM
08400001,607,PXXrIEYx
08400001,608,wwKwEIpR
08400001,609,WgFSF55Q
08400001,610,tfyOtEHe
08400001,701,M5JAiIuI
08400001,702,jXPrw9JN
08400001,703,gLK1wOiq
08400001,704,w74dPIqP
08400001,705,7paB5h3B
08400001,706,wmTBD1jz
08400001,707,5EvIJXDW
08400001,708,IVNn4yg3
08400001,709,iUhEsCgF
08400001,710,WWIzC291
08400001,801,cdKUOU9l
08400001,802,UKrr7s2c
08400001,803,bLGknouG
08400001,804,DtYiV9am
08400001,805,gGr0JRDh
08400001,806,j5h8TCRQ
08400001,807,El19BHKz
08400001,808,6aLdSTaF
08400001,809,8tkGR4jG
08400001,810,1x0Wu6gW
08400001,901,LgnQLvlP
08400001,902,cEf9LPQe
08400001,903,WVRjVDNt
08400001,904,kzOqR1BP
08400001,905,CSdG1gg4
08400001,906,oendG9wB
08400001,907,0F9aUWBg
08400001,909,alAMiYDz
08400001,909,490YkSRf
08400001,910,t7u5awBE
08400001,1001,2Jn0POeb
08400001,1002,qzmmwXYO
08400001,1003,eqobyAtj
08400001,1004,vyoWu4Te
08400001,1005,nQObbezC
08400001,1006,PsZJRuoJ
08400001,1007,kLFgBbrd
08400001,1008,q48rRLaL
08400001,1009,cdiXeMOu
08400001,1010,AVT4Vxg7
08400001,1101,N2tG6xdc
08400001,1102,sKqkNNZq
08400001,1103,41M67qyL
08400001,1104,bLTRw4Dd
08400001,1105,rs4QwDX0
08400001,1106,gn0GGmBu
08400001,1107,c5CRxaca
08400001,1108,jEO8rX9B
08400001,1109,tgTgIiGV
08400001,1110,4Kmy4Q4m
08400001,1201,Z2rizkWM
08400001,1202,emfuJhqz
08400001,1203,saESJI2o
08400001,1204,KsQw7dkJ
08400001,1205,9DlbDWXv
08400001,1206,siEyM97u
08400001,1207,rUnU95vT
08400001,1208,zAVOJWS5
08400001,1209,Ixa67siK
08400001,1210,JD6O7lh8
08400001,1301,OLzeA5xR
08400001,1302,WWjf0f5h
08400001,1303,chx3HiXs
08400001,1304,FtmzaiSi
08400001,1305,uV2YzQ93
08400001,1306,y9bWT6MO
08400001,1307,nA18LXGU
08400001,1308,ih9gIxEN
08400001,1309,kIq4yWss
08400001,1310,5mzRxGaV
08400001,1403,PoQpA1Dz
08400001,1404,dckLJmtT
08400001,1405,Kn9ZRX16
08400001,1406,SHgWZbyJ
08400001,1407,bAY8f5Qh
08400001,1408,63z7B8h1
08400001,1409,T12k3YS2
08400001,1410,eg3vcpoa
